時間尺度,規模門檻,盲測正樣本數,機器學習_PRAUC,帕松基準_PRAUC,隨機基準_PRAUC,機器學習_Brier,帕松基準_Brier,Brier技能分數(BSS),地震信息增益(IG/eq)
極短期 (7天),ML >= 5.0,46,0.0365,0.0017,0.0012,0.00189,0.0012,-0.5676,-0.054
極短期 (7天),ML >= 6.0,41,0.0182,0.0012,0.00107,0.00117,0.00107,-0.088,4.04
短期 (30天),ML >= 5.0,77,0.0266,0.0025,0.00202,0.00393,0.00202,-0.9476,-4.652
短期 (30天),ML >= 6.0,41,0.0044,0.0012,0.00107,0.00133,0.00107,-0.2344,1.675
中期 (1年),ML >= 5.0,764,0.0861,0.0231,0.02001,0.0303,0.01997,-0.517,1.803
中期 (1年),ML >= 6.0,372,0.0534,0.0118,0.00974,0.01241,0.00974,-0.2737,3.019
中長期 (3年),ML >= 5.0,1591,0.2754,0.0431,0.04167,0.04071,0.04145,0.0178,4.069
中長期 (3年),ML >= 6.0,712,0.1867,0.0191,0.01865,0.0309,0.01863,-0.6588,2.623
長期 (5年),ML >= 5.0,2002,0.3101,0.0527,0.05244,0.04751,0.05198,0.086,4.166
長期 (5年),ML >= 6.0,854,0.2002,0.0222,0.02237,0.03302,0.02233,-0.4789,3.344
