年度,總地震筆數,最大規模,最大規模日期,平均規模,微震(M<3.0),輕震(3.0<=M<4.0),中震(4.0<=M<5.0),強震(5.0<=M<6.0),烈震(6.0<=M<7.0),大震(M>=7.0)
1994,17506,6.6,1994-05-24,2.32,15408,1849,217,29,3,0
1995,14336,6.5,1995-06-25,2.29,12823,1297,193,22,1,0
1996,16436,7.07,1996-09-05,2.26,14510,1704,201,18,2,1
1997,15119,5.78,1997-01-05,2.18,13836,1110,156,17,0,0
1998,14456,6.2,1998-07-17,2.18,13186,1122,132,15,1,0
1999,49556,7.3,1999-09-20,2.26,43783,4978,706,74,14,1
2000,23929,6.7,2000-06-10,2.18,22012,1647,240,27,3,0
2001,15839,6.7,2001-12-18,2.18,14367,1279,178,12,3,0
2002,27697,6.8,2002-03-31,2.14,25624,1819,223,26,5,0
2003,24885,6.48,2003-06-10,2.08,23296,1379,188,20,2,0
2004,21267,6.58,2004-11-08,2.05,19897,1200,154,13,3,0
2005,21483,6.0,2005-06-01,2.04,20029,1230,202,20,2,0
2006,17499,6.99,2006-12-26,2.14,15966,1340,173,15,5,0
2007,15881,6.63,2007-09-06,2.18,14436,1308,123,12,2,0
2008,17759,5.88,2008-12-07,2.1,16409,1214,122,14,0,0
2009,19724,6.92,2009-12-19,2.1,18230,1317,155,18,4,0
2010,22632,6.42,2010-03-04,1.96,21495,999,108,28,2,0
2011,21173,5.77,2011-03-20,1.99,19950,1092,120,11,0,0
2012,30543,6.62,2012-06-09,1.64,29489,909,126,17,2,0
2013,44664,6.48,2013-06-02,1.54,43542,980,124,14,4,0
2014,35799,5.99,2014-05-21,1.56,34812,861,110,16,0,0
2015,43770,6.38,2015-04-20,1.6,42442,1146,161,17,4,0
2016,47976,6.6,2016-02-05,1.52,46608,1192,149,24,3,0
2017,33604,5.85,2017-09-20,1.56,32578,914,97,15,0,0
2018,49706,6.26,2018-02-06,1.52,48091,1348,235,30,2,0
2019,38184,6.32,2019-04-18,1.52,37070,953,139,20,2,0
2020,22894,6.24,2020-07-26,1.96,21405,1294,170,23,2,0
2021,17953,6.54,2021-10-24,2.31,15405,2255,258,32,3,0
2022,13292,6.83,2022-09-18,2.52,10301,2431,487,61,12,0
2023,24378,6.2,2023-10-23,2.06,22191,1907,255,24,1,0
2024,34408,7.19,2024-04-02,2.11,29896,3384,973,144,10,1
2025,38493,7.01,2025-12-27,1.94,36245,1910,295,39,3,1
2026,20304,5.78,2026-03-12,1.95,19311,882,101,10,0,0
