區域,規模門檻(>=ML),觀測期內次數,年平均發生率(次/年),平均回歸週期(年),未來1個月機率(%),未來1年機率(%),未來5年機率(%),未來10年機率(%),未來30年機率(%)
全台灣整體 (Taiwan Overall),5.0,968,29.7139,0.03,91.59,100.0,100.0,100.0,100.0
全台灣整體 (Taiwan Overall),5.5,294,9.0247,0.11,52.86,99.99,100.0,100.0,100.0
全台灣整體 (Taiwan Overall),6.0,104,3.1924,0.31,23.36,95.89,100.0,100.0,100.0
全台灣整體 (Taiwan Overall),6.5,30,0.9209,1.09,7.39,60.18,99.0,99.99,100.0
全台灣整體 (Taiwan Overall),7.0,4,0.1228,8.14,1.02,11.55,45.88,70.71,97.49
東北部琉球隱沒帶 (Northeast Subduction),5.0,457,14.0281,0.07,68.93,100.0,100.0,100.0,100.0
東北部琉球隱沒帶 (Northeast Subduction),5.5,142,4.3589,0.23,30.46,98.72,100.0,100.0,100.0
東北部琉球隱沒帶 (Northeast Subduction),6.0,47,1.4427,0.69,11.33,76.37,99.93,100.0,100.0
東北部琉球隱沒帶 (Northeast Subduction),6.5,11,0.3377,2.96,2.77,28.66,81.52,96.58,100.0
東北部琉球隱沒帶 (Northeast Subduction),7.0,2,0.0614,16.29,0.51,5.95,26.43,45.88,84.15
花東縱谷與碰撞帶 (Hualien-Taitung Suture),5.0,217,6.6611,0.15,42.6,99.87,100.0,100.0,100.0
花東縱谷與碰撞帶 (Hualien-Taitung Suture),5.5,75,2.3022,0.43,17.46,90.0,100.0,100.0,100.0
花東縱谷與碰撞帶 (Hualien-Taitung Suture),6.0,27,0.8288,1.21,6.67,56.34,98.41,99.97,100.0
花東縱谷與碰撞帶 (Hualien-Taitung Suture),6.5,5,0.1535,6.52,1.27,14.23,53.58,78.45,99.0
花東縱谷與碰撞帶 (Hualien-Taitung Suture),7.0,0,0.0,,0.0,0.0,0.0,0.0,0.0
嘉南前陸褶皺逆衝帶 (Chia-Nan Thrust Belt),5.0,63,1.9339,0.52,14.88,85.54,99.99,100.0,100.0
嘉南前陸褶皺逆衝帶 (Chia-Nan Thrust Belt),5.5,19,0.5832,1.71,4.74,44.19,94.59,99.71,100.0
嘉南前陸褶皺逆衝帶 (Chia-Nan Thrust Belt),6.0,7,0.2149,4.65,1.77,19.34,65.85,88.34,99.84
嘉南前陸褶皺逆衝帶 (Chia-Nan Thrust Belt),6.5,1,0.0307,32.58,0.26,3.02,14.23,26.43,60.18
嘉南前陸褶皺逆衝帶 (Chia-Nan Thrust Belt),7.0,0,0.0,,0.0,0.0,0.0,0.0,0.0
中部車籠埔造山帶 (Central Chelungpu Zone),5.0,59,1.8111,0.55,14.01,83.65,99.99,100.0,100.0
中部車籠埔造山帶 (Central Chelungpu Zone),5.5,16,0.4911,2.04,4.01,38.81,91.42,99.26,100.0
中部車籠埔造山帶 (Central Chelungpu Zone),6.0,10,0.307,3.26,2.53,26.43,78.45,95.36,99.99
中部車籠埔造山帶 (Central Chelungpu Zone),6.5,6,0.1842,5.43,1.52,16.82,60.18,84.15,99.6
中部車籠埔造山帶 (Central Chelungpu Zone),7.0,1,0.0307,32.58,0.26,3.02,14.23,26.43,60.18
大台北盆地構造區 (Taipei Basin & North),5.0,2,0.0614,16.29,0.51,5.95,26.43,45.88,84.15
大台北盆地構造區 (Taipei Basin & North),5.5,0,0.0,,0.0,0.0,0.0,0.0,0.0
大台北盆地構造區 (Taipei Basin & North),6.0,0,0.0,,0.0,0.0,0.0,0.0,0.0
大台北盆地構造區 (Taipei Basin & North),6.5,0,0.0,,0.0,0.0,0.0,0.0,0.0
大台北盆地構造區 (Taipei Basin & North),7.0,0,0.0,,0.0,0.0,0.0,0.0,0.0
