縣市名稱,生活圈累積地震數(ML>=3.0),生活圈中強震數(ML>=5.0),生活圈強震數(ML>=6.0),轄區陸域內中強震數(ML>=5.0),轄區陸域內強震數(ML>=6.0),平均震源深度(km),"極淺層震源比例(<15km, %)",年均發生率_M5(次/年),平均回歸週期_M5(年),年均發生率_M6(次/年),平均回歸週期_M6(年),未來1年_M5機率(%),未來1年_M6機率(%),未來5年_M5機率(%),未來5年_M6機率(%),未來10年_M5機率(%),未來10年_M6機率(%),未來30年_M5機率(%),未來30年_M6機率(%)
南投縣,8108,125,19,66,15,10.5,70.9,3.837,0.26,0.5832,1.71,97.84,44.19,100.0,94.59,100.0,99.71,100.0,100.0
宜蘭縣,11329,133,12,21,2,16.6,45.7,4.0826,0.24,0.3684,2.71,98.31,30.81,100.0,84.15,100.0,97.49,100.0,100.0
臺中市,3988,38,2,14,0,9.1,77.5,1.1665,0.86,0.0614,16.29,68.85,5.95,99.71,26.43,100.0,45.88,100.0,84.15
花蓮縣,21431,412,40,144,12,16.8,46.0,12.6468,0.08,1.2278,0.81,100.0,70.71,100.0,99.78,100.0,100.0,100.0,100.0
臺東縣,10569,162,20,42,7,17.1,44.7,4.9728,0.2,0.6139,1.63,99.31,45.88,100.0,95.36,100.0,99.78,100.0,100.0
屏東縣,3033,39,4,9,1,15.0,50.1,1.1971,0.84,0.1228,8.14,69.79,11.55,99.75,45.88,100.0,70.71,100.0,97.49
高雄市,5368,66,6,18,3,9.9,74.9,2.0259,0.49,0.1842,5.43,86.81,16.82,100.0,60.18,100.0,84.15,100.0,99.6
嘉義縣,4420,61,7,18,3,10.5,83.4,1.8725,0.53,0.2149,4.65,84.63,19.34,99.99,65.85,100.0,88.34,100.0,99.84
臺南市,3069,45,5,16,1,12.5,71.5,1.3813,0.72,0.1535,6.52,74.88,14.23,99.9,53.58,100.0,78.45,100.0,99.0
雲林縣,2131,30,6,4,0,10.0,79.0,0.9209,1.09,0.1842,5.43,60.18,16.82,99.0,60.18,99.99,84.15,100.0,99.6
苗栗縣,1991,18,0,2,0,6.7,85.5,0.5525,1.81,0.0,,42.45,0.0,93.69,0.0,99.6,0.0,100.0,0.0
嘉義市,903,16,3,1,0,11.0,84.6,0.4911,2.04,0.0921,10.86,38.81,8.8,91.42,36.9,99.26,60.18,100.0,93.69
彰化縣,922,15,4,1,0,11.0,70.9,0.4604,2.17,0.1228,8.14,36.9,11.55,90.0,45.88,99.0,70.71,100.0,97.49
新北市,1817,13,1,1,0,11.3,63.3,0.399,2.51,0.0307,32.58,32.9,3.02,86.4,14.23,98.15,26.43,100.0,60.18
新竹縣,1054,7,0,0,0,6.3,79.5,0.2149,4.65,0.0,,19.34,0.0,65.85,0.0,88.34,0.0,99.84,0.0
桃園市,557,6,0,0,0,45.1,27.1,0.1842,5.43,0.0,,16.82,0.0,60.18,0.0,84.15,0.0,99.6,0.0
基隆市,37,1,0,0,0,12.9,60.0,0.0307,32.58,0.0,,3.02,0.0,14.23,0.0,26.43,0.0,60.18,0.0
臺北市,51,1,0,0,0,37.3,50.0,0.0307,32.58,0.0,,3.02,0.0,14.23,0.0,26.43,0.0,60.18,0.0
新竹市,126,1,0,0,0,9.5,75.0,0.0307,32.58,0.0,,3.02,0.0,14.23,0.0,26.43,0.0,60.18,0.0
金門縣,3,0,0,0,0,,0.0,0.0,,0.0,,0.0,0.0,0.0,0.0,0.0,0.0,0.0,0.0
連江縣,1,0,0,0,0,,0.0,0.0,,0.0,,0.0,0.0,0.0,0.0,0.0,0.0,0.0,0.0
澎湖縣,35,0,0,0,0,15.3,33.3,0.0,,0.0,,0.0,0.0,0.0,0.0,0.0,0.0,0.0,0.0
