時間尺度,規模門檻,訓練正樣本數,測試正樣本數,正樣本比例(%),scale_pos_weight,盲測_PRAUC,盲測_ROCAUC,盲測_BrierScore,模型存檔路徑
7d,M5,389,46,0.0784,100.0,0.0365,0.9654,0.00189,D:\CIL資料夾\地震分析\模型\lgbm_m5_7d_calibrated.joblib
7d,M6,137,41,0.0276,100.0,0.0182,0.7276,0.00117,D:\CIL資料夾\地震分析\模型\lgbm_m6_7d_calibrated.joblib
30d,M5,692,77,0.1394,100.0,0.0266,0.9313,0.00393,D:\CIL資料夾\地震分析\模型\lgbm_m5_30d_calibrated.joblib
30d,M6,178,41,0.0359,100.0,0.0044,0.8469,0.00133,D:\CIL資料夾\地震分析\模型\lgbm_m6_30d_calibrated.joblib
1y,M5,3898,764,0.7854,100.0,0.0861,0.8522,0.0303,D:\CIL資料夾\地震分析\模型\lgbm_m5_1y_calibrated.joblib
1y,M6,887,372,0.1787,100.0,0.0534,0.8703,0.01241,D:\CIL資料夾\地震分析\模型\lgbm_m6_1y_calibrated.joblib
3y,M5,11767,1591,2.3709,41.18,0.2754,0.9019,0.04071,D:\CIL資料夾\地震分析\模型\lgbm_m5_3y_calibrated.joblib
3y,M6,4016,712,0.8092,100.0,0.1867,0.9438,0.0309,D:\CIL資料夾\地震分析\模型\lgbm_m6_3y_calibrated.joblib
5y,M5,18809,2002,3.7897,25.39,0.3101,0.8988,0.04751,D:\CIL資料夾\地震分析\模型\lgbm_m5_5y_calibrated.joblib
5y,M6,6384,854,1.2863,76.74,0.2002,0.9411,0.03302,D:\CIL資料夾\地震分析\模型\lgbm_m6_5y_calibrated.joblib
