區域描述,規模門檻(>=ML),32年歷史累積次數,年平均發生率(次/年),理論G-R年率(次/年),平均回歸週期(年),7天內破裂機率(%),7天內預期次數,30天內破裂機率(%),30天內預期次數,90天內破裂機率(%),90天內預期次數,1年內破裂機率(%),1年內預期次數,5年內破裂機率(%),5年內預期次數,10年內破裂機率(%),10年內預期次數,自訂區名
"經度 [121.45, 121.85] °E，緯度 [23.75, 24.25] °N 矩形區域",4.0,1718,52.736,57.6017,0.02,63.6,1.011,98.69,4.331,100.0,12.994,100.0,52.7,100.0,263.499,100.0,526.999,花蓮近海破裂帶
"經度 [121.45, 121.85] °E，緯度 [23.75, 24.25] °N 矩形區域",5.0,221,6.7838,12.4557,0.15,12.19,0.13,42.72,0.557,81.21,1.672,99.89,6.779,100.0,33.896,100.0,67.792,花蓮近海破裂帶
"經度 [121.45, 121.85] °E，緯度 [23.75, 24.25] °N 矩形區域",5.5,54,1.6576,5.7921,0.6,3.13,0.032,12.73,0.136,33.53,0.408,80.92,1.656,99.97,8.282,100.0,16.565,花蓮近海破裂帶
"經度 [121.45, 121.85] °E，緯度 [23.75, 24.25] °N 矩形區域",6.0,15,0.4604,2.6934,2.17,0.88,0.009,3.71,0.038,10.73,0.113,36.88,0.46,89.98,2.301,99.0,4.601,花蓮近海破裂帶
"經度 [121.45, 121.85] °E，緯度 [23.75, 24.25] °N 矩形區域",6.5,4,0.1228,1.2525,8.14,0.24,0.002,1.0,0.01,2.98,0.03,11.55,0.123,45.85,0.614,70.68,1.227,花蓮近海破裂帶
"經度 [121.45, 121.85] °E，緯度 [23.75, 24.25] °N 矩形區域",7.0,1,0.0307,0.5824,32.58,0.06,0.001,0.25,0.003,0.75,0.008,3.02,0.031,14.22,0.153,26.42,0.307,花蓮近海破裂帶
"中心點 (120.55°E, 23.48°N) 半徑 25 km 圓形區域",4.0,166,5.0956,5.9322,0.2,9.3,0.098,34.2,0.419,71.51,1.256,99.39,5.092,100.0,25.46,100.0,50.921,嘉南梅山-中埔盲斷層區
"中心點 (120.55°E, 23.48°N) 半徑 25 km 圓形區域",5.0,19,0.5832,0.9467,1.71,1.11,0.011,4.68,0.048,13.39,0.144,44.17,0.583,94.57,2.914,99.71,5.828,嘉南梅山-中埔盲斷層區
"中心點 (120.55°E, 23.48°N) 半徑 25 km 圓形區域",5.5,5,0.1535,0.3782,6.52,0.29,0.003,1.25,0.013,3.71,0.038,14.22,0.153,53.55,0.767,78.43,1.534,嘉南梅山-中埔盲斷層區
"中心點 (120.55°E, 23.48°N) 半徑 25 km 圓形區域",6.0,3,0.0921,0.1511,10.86,0.18,0.002,0.75,0.008,2.24,0.023,8.79,0.092,36.88,0.46,60.16,0.92,嘉南梅山-中埔盲斷層區
"中心點 (120.55°E, 23.48°N) 半徑 25 km 圓形區域",6.5,0,0.0,0.0604,16.57,0.0,0.0,0.0,0.0,0.0,0.0,0.0,0.0,0.0,0.0,0.0,0.0,嘉南梅山-中埔盲斷層區
"中心點 (120.55°E, 23.48°N) 半徑 25 km 圓形區域",7.0,0,0.0,0.0241,41.48,0.0,0.0,0.0,0.0,0.0,0.0,0.0,0.0,0.0,0.0,0.0,0.0,嘉南梅山-中埔盲斷層區
"經度 [121.35, 121.65] °E，緯度 [24.95, 25.25] °N 矩形區域",4.0,2,0.0614,0.0587,16.29,0.12,0.001,0.5,0.005,1.5,0.015,5.95,0.061,26.42,0.307,45.85,0.614,雙北山腳斷層陷落區
"經度 [121.35, 121.65] °E，緯度 [24.95, 25.25] °N 矩形區域",5.0,0,0.0,0.0042,240.3,0.0,0.0,0.0,0.0,0.0,0.0,0.0,0.0,0.0,0.0,0.0,0.0,雙北山腳斷層陷落區
"經度 [121.35, 121.65] °E，緯度 [24.95, 25.25] °N 矩形區域",5.5,0,0.0,0.0011,902.73,0.0,0.0,0.0,0.0,0.0,0.0,0.0,0.0,0.0,0.0,0.0,0.0,雙北山腳斷層陷落區
"經度 [121.35, 121.65] °E，緯度 [24.95, 25.25] °N 矩形區域",6.0,0,0.0,0.0003,3391.27,0.0,0.0,0.0,0.0,0.0,0.0,0.0,0.0,0.0,0.0,0.0,0.0,雙北山腳斷層陷落區
"經度 [121.35, 121.65] °E，緯度 [24.95, 25.25] °N 矩形區域",6.5,0,0.0,0.0001,12739.82,0.0,0.0,0.0,0.0,0.0,0.0,0.0,0.0,0.0,0.0,0.0,0.0,雙北山腳斷層陷落區
"經度 [121.35, 121.65] °E，緯度 [24.95, 25.25] °N 矩形區域",7.0,0,0.0,0.0,47859.13,0.0,0.0,0.0,0.0,0.0,0.0,0.0,0.0,0.0,0.0,0.0,0.0,雙北山腳斷層陷落區
"中心點 (120.70°E, 21.80°N) 半徑 40 km 圓形區域",4.0,128,3.9291,4.8417,0.25,7.25,0.075,27.58,0.323,62.02,0.968,98.03,3.926,100.0,19.632,100.0,39.264,恆春外海板塊邊界區
"中心點 (120.70°E, 21.80°N) 半徑 40 km 圓形區域",5.0,15,0.4604,0.6623,2.17,0.88,0.009,3.71,0.038,10.73,0.113,36.88,0.46,89.98,2.301,99.0,4.601,恆春外海板塊邊界區
"中心點 (120.70°E, 21.80°N) 半徑 40 km 圓形區域",5.5,4,0.1228,0.245,8.14,0.24,0.002,1.0,0.01,2.98,0.03,11.55,0.123,45.85,0.614,70.68,1.227,恆春外海板塊邊界區
"中心點 (120.70°E, 21.80°N) 半徑 40 km 圓形區域",6.0,2,0.0614,0.0906,16.29,0.12,0.001,0.5,0.005,1.5,0.015,5.95,0.061,26.42,0.307,45.85,0.614,恆春外海板塊邊界區
"中心點 (120.70°E, 21.80°N) 半徑 40 km 圓形區域",6.5,2,0.0614,0.0335,16.29,0.12,0.001,0.5,0.005,1.5,0.015,5.95,0.061,26.42,0.307,45.85,0.614,恆春外海板塊邊界區
"中心點 (120.70°E, 21.80°N) 半徑 40 km 圓形區域",7.0,0,0.0,0.0124,80.68,0.0,0.0,0.0,0.0,0.0,0.0,0.0,0.0,0.0,0.0,0.0,0.0,恆春外海板塊邊界區
